issue,dataset,verdict,model,status,review_confidence,license_check,license_judgment,license_basis,collection_check,collection_judgment,collection_basis,privacy_check,privacy_judgment,privacy_basis,litigation,author,created_at,updated_at,url,state,comments
24,MTEB - Massive Text Embedding Benchmark,추가 검토 필요,gemini-2.5-flash,reviewed,,"MTEB 프레임워크는 Apache License 2.0. 원본 데이터셋은 라이선스가 다양하며, 일부는 라이선스 없음.","MTEB 프레임워크 자체는 상업적 이용 및 AI 모델 학습 가능하나, 원본 데이터셋의 라이선스 제약이 상속되므로 개별 데이터셋 검토 필요.","MTEB GitHub 저장소 LICENSE 파일 ([출처](https://github.com/embeddings-benchmark/mteb/blob/main/LICENSE)); MTEB 개발팀의 ""no restrictions on license... We include datasets with no license attached"" 언급 ([출처](https://github.com/embeddings-benchmark/mteb/discussions/459))","MTEB는 벤치마크 프레임워크이며, 56-58개의 기존 데이터셋을 활용. 일부는 arXiv, bioRxiv, StackExchange 등 공개 API를 통해 MTEB용으로 재구성.","MTEB 자체는 데이터를 직접 생성하지 않으나, 활용하는 원본 데이터셋의 수집 방식 및 이용 조건에 대한 상세 검토가 필수적임.","MTEB 논문 ""MTEB consists of 58 datasets"" ([출처](https://arxiv.org/abs/2210.07316)); ""These datasets are custom-made for MTEB using the public APIs from arXiv... and StackExchange posts"" ([출처](https://arxiv.org/abs/2210.07316))",MTEB이 활용하는 56-58개 데이터셋의 개인정보 포함 여부 및 동의 범위에 대한 공식적인 일괄 확인 불가.,"다수의 원본 데이터셋에 개인정보가 포함될 가능성이 높으며, 동의 범위 확인이 불가하므로 잠재적 법적 리스크 존재.","MTEB이 활용하는 데이터셋의 다양성 (예: StackExchange, Reddit 등 사용자 생성 데이터 포함 가능성) ([출처](https://arxiv.org/abs/2210.07316), [출처](https://emergentmind.com/papers/2307.03980)); MTEB 공식 문서에서 개인정보 처리 관련 일괄 명시 부재",해당 없음,aigovsensing,2026-07-22T04:55:10Z,2026-07-22T04:56:02Z,https://github.com/aigovsensing/dataset-review/issues/24,open,2
23,Fashion-MNIST,사용 가능,gemini-2.5-flash,reviewed,,MIT License,상업적 이용 및 AI 모델 학습 가능,"MIT License는 저작권 및 허가 고지 유지 조건 하에 소프트웨어 및 문서 파일의 사용, 복사, 수정, 병합, 게시, 배포, 재라이선스, 판매를 포함한 모든 제한 없는 취급을 허용함 ([출처](https://github.com/zalandoresearch/fashion-mnist/blob/master/LICENSE))",Zalando의 패션 상품 이미지를 직접 수집하여 28x28 흑백 이미지로 구성,리스크 없음,"데이터셋은 Zalando의 상품 이미지로 구성되어 있으며, 기계 학습 알고리즘 벤치마킹을 위한 `MNIST` 데이터셋의 직접적인 대체재로 의도됨 [1](https://vertexaisearch.cloud.google.com/grounding-api-redirect/AUZIYQHn4gXWjiFeHWj0qUIXHNsJ_RtREmV09SrHMxaIAt7ZxwuTDgaCq04fPm3qqdEYDb9WCML3rSI_WcIG7kAV4l4c2dXZNba-DTLIZn9RYfAwGo_pZ4pM9oXmDPNrJntpWsgCFQCAYv2eHOD0iw==)[2](https://vertexaisearch.cloud.google.com/grounding-api-redirect/AUZIYQFBXhlhxMuGrKaoSMEMr38ubXjgD09AIazM6tUY8OZHVbcZzeW-y6Z0I-ypshQbmbjsmu_hzy6Gq3Kju2sK0XedR2idBzLUoze-ijt15D2VF297vRA_k_jZ_iChic2F5Uwljud3-BXFR7zqAkkE8YUMkWn81zjoGw==) ([출처](https://github.com/zalandoresearch/fashion-mnist#fashion-mnist))",미포함,리스크 없음,"데이터셋은 28x28 픽셀의 흑백 패션 상품 이미지로 구성되어 있으며, 개인을 식별할 수 있는 정보(얼굴, 음성 등)는 포함되어 있지 않음 [1](https://vertexaisearch.cloud.google.com/grounding-api-redirect/AUZIYQHn4gXWjiFeHWj0qUIXHNsJ_RtREmV09SrHMxaIAt7ZxwuTDgaCq04fPm3qqdEYDb9WCML3rSI_WcIG7kAV4l4c2dXZNba-DTLIZn9RYfAwGo_pZ4pM9oXmDPNrJntpWsgCFQCAYv2eHOD0iw==)[2](https://vertexaisearch.cloud.google.com/grounding-api-redirect/AUZIYQFBXhlhxMuGrKaoSMEMr38ubXjgD09AIazM6tUY8OZHVbcZzeW-y6Z0I-ypshQbmbjsmu_hzy6Gq3Kju2sK0XedR2idBzLUoze-ijt15D2VF297vRA_k_jZ_iChic2F5Uwljud3-BXFR7zqAkkE8YUMkWn81zjoGw==) ([출처](https://github.com/zalandoresearch/fashion-mnist#fashion-mnist))",해당 없음,aigovsensing,2026-07-17T04:03:34Z,2026-07-17T04:05:56Z,https://github.com/aigovsensing/dataset-review/issues/23,closed,3
22,CIFAR-10,사용 비권고,gemini-2.5-flash,reviewed,,"공식 라이선스 명시 없음. Kaggle에서는 상업적 이용 가능하다고 명시하나, 원본 데이터셋의 출처 라이선스가 불분명하여 상업적 이용에 제한이 있을 수 있음",원본 데이터셋의 라이선스 불확실성 및 잠재적 상업적 이용 제한 가능성으로 인해 높은 리스크,"""However, CIFAR-10 is created by crawling images from different sources such as Google Images and Flickr which may have licenses that restrict the usage of the images in any commercial context. Therefore, considering only CIFAR-10's license to ensure compliance in such a case might be problematic."" [1](https://vertexaisearch.cloud.google.com/grounding-api-redirect/AUZIYQHDGX5N7c_cE1Q7yMWe4xekccAxT9q5QxjA4hVJ6OjnHI7jJJxKMLAP-I9u1bccIz-BfNS9rA6zRZNJDdBANZ_RrsgJLYzMxMfohQ6c8GkKrcXJGNzn0ioaSHTjvNMsxYZCRj1LavqQ) ([출처](https://arxiv.org/pdf/2111.02374), [출처](https://www.cs.toronto.edu/~kriz/cifar.html), [출처](https://www.kaggle.com/datasets/crawford/cifar10))","웹에서 크롤링된 `80 Million Tiny Images` 데이터셋의 하위 집합이며, 학생들이 수동으로 레이블링함. 원본 데이터셋은 저작권 및 개인정보 문제로 철회됨",원본 데이터셋의 법적 문제로 인한 철회 이력으로 인해 높은 리스크,"""CIFAR-10 dataset is a subset of the 80 million tiny image dataset (taken down)."" [2](https://vertexaisearch.cloud.google.com/grounding-api-redirect/AUZIYQGyVqcFZ5cDfWfqXr1shPVtPLSsJW9AfTJ3xulweVbFvg_OGF1mUVJ5nGHCYn0njiwRgExeiVkvL0aonOLckxb_UVgkQNhWlMjftYga1l6t988EWAjJtt9V6z2SSZaiWmzQgSQj6HM=) ([출처](https://github.com/iVishalr/cifar10-pytorch), [출처](https://www.semanticscholar.org/paper/Learning-Multiple-Layers-of-Features-from-Tiny-Krizhevsky/232491176007e153164923f66710476481710408))",공식 문서에서 개인정보 포함 여부 및 동의 범위에 대한 명확한 언급 없음. 웹 크롤링 기반 원본 데이터셋의 특성상 개인정보 포함 가능성 높음,개인정보 포함 가능성이 높으나 동의 범위 및 활용 범위 확인 불가로 높은 리스크,"""Personal and Sensitive Information: [More Information Needed]"" [3](https://vertexaisearch.cloud.google.com/grounding-api-redirect/AUZIYQHi7kit5XKUSTZ-M_SKXoQfYzRFIa78b0f2cp5OLd1wFhPaSObTM47mniUdaTP2_rrDaLljSvRXZ9cjJqhklrm4tfkVfpin47Itl5PkC_HCpUywf2boVRO2RzMPfaIT14XlWb-vVvrPlP_8) ([출처](https://huggingface.co/datasets/uoft-cs/cifar10))",있음,aigovsensing,2026-07-17T03:31:04Z,2026-07-17T03:33:15Z,https://github.com/aigovsensing/dataset-review/issues/22,closed,3
21,MNIST,추가 검토 필요,gemini-2.5-flash,reviewed,,Creative Commons Attribution-Share Alike 3.0 (CC BY-SA 3.0),추가 검토 필요 (동일 라이선스 배포 의무),"PyMVPA 및 Keras 문서에 Creative Commons Attribution-Share Alike 3.0 license 명시 ([출처](https://vertexaisearch.cloud.google.com/grounding-api-redirect/AUZIYQFRAa98yOGQXjsooEKTcYzxXAV61tin5Wht4i3-T-my_bMhb1h1LkDJXprR4f0ufTsvWC-0HRGGu2Nr0tAp5Yh904MeGGqaEAjOyLPguu8MsqGEc5OEGU5yfN0I_C5nDMs0ngk=), [출처](https://vertexaisearch.cloud.google.com/grounding-api-redirect/AUZIYQFtIuh6VHSrOYDG1tSWaJ5YBCsUjoAQB4jZunQT76rZB9NMXWR3bmPpD2AjxVne4ptIapXk_W3KybCmjnwEykfO0jiPec09uc3bmYrEi0sd9Rj3hCTAmURHyQNTohQTlQ==))",NIST Special Database 1 (SD-1) 및 Special Database 3 (SD-3)의 손글씨 숫자 이미지를 재구성 및 전처리하여 생성,사용 가능,"MNIST 공식 홈페이지 및 Hugging Face 문서에 NIST 데이터셋 기반 재구성 및 전처리 과정 설명 ([출처](http://yann.lecun.com/exdb/mnist/), [출처](https://vertexaisearch.cloud.google.com/grounding-api-redirect/AUZIYQHxw1KkKOx2Ju6QN7mgHdR59tSPxpDxm1wTaWt296d41IZzAIhR9NZL13H8RY2GjfzFCRiObpXPkeGGcIzScnABxepZrKgjtkV9ckQBVObDeY_qafU7pmjUk5730VEKtP8eKz1QB9kl))",미포함,리스크 없음,데이터셋이 손글씨 숫자 이미지로 구성되어 개인을 식별할 수 있는 정보가 없음 ([출처](https://vertexaisearch.cloud.google.com/grounding-api-redirect/AUZIYQHhiCI4YEC5DyioXHZ7yGlD5-Puluq30YYbFaf7BoyZRFREZJ3YqENoI0PTbnEnYE3M54efJsZKpTjI86di27zi2XPz7zJpzkdPwdmAO80cIO3Ig1XIX1QE01ouSf3ILzaxUWD2dtHDtMYEjOOVOX78CbHjFVlYpf9IK16H86Wlc9ZnVvEbSWk3FuEd6rDGchi6I9LlM3Dr_hftnL5zz0CfM_xuEso=)),해당 없음,aigovsensing,2026-07-17T02:32:57Z,2026-07-17T02:41:37Z,https://github.com/aigovsensing/dataset-review/issues/21,closed,5
20,common crawl news,사용 비권고,gemini-2.5-flash,reviewed,,`common crawl news`는 CC BY 4.0 라이선스. 원본 `Common Crawl`은 별도의 데이터 라이선스 없이 Terms of Use에 따라 이용 가능.,"파생 데이터셋의 라이선스가 CC BY 4.0으로 상업적 이용 및 AI 학습이 가능해 보이나, 원본 데이터셋인 `Common Crawl`의 Terms of Use 및 현재 진행 중인 법적 분쟁으로 인해 상업적 이용 및 AI 모델 학습에 심각한 리스크가 존재하여 사용 비권고.","`common crawl news` Hugging Face 페이지 라이선스 명시 ([출처](https://huggingface.co/datasets/stanford-oval/ccnews)), Common Crawl Terms of Use ([출처](https://commoncrawl.org/terms-of-use)), Common Crawl 관련 소송 및 법적 분쟁 다수 발생 [1](https://vertexaisearch.cloud.google.com/grounding-api-redirect/AUZIYQF-qYqIuQTLxf-AXnHbAGcxs0RLZWvsbkGlBz6p0TDWRFBF3DU3f4ncM3eTbZ11sRUPhHgpjMz6zkHnoxx8fGPOjmzCQd6pHkNbhc8-iz0zquwG_5c7CPJOt5N5Sy-A1forEFPAch_gGyjs1_y_KwMqHo7SQndMM6D0KNp1JRoD_8A2J8IOZmOiHJMmgC_mHRyQWeTEZw1zjXw51ff4oVMkHFtheA==)[2](https://vertexaisearch.cloud.google.com/grounding-api-redirect/AUZIYQFHmECqu7Cba0fc5zNI8Q5DG4SIz9TqhQ1HIYhAz5LKH9r2cGMSjXP_2_w3w30HmFyC14hVK0YzZd8N1icqLEjbdmMgSaIkfcxEliugsSlD6INmiYhK3dfgRKLPLGRQyO8qHJ1s-WQoNnp98pF1DUC-SuJ92dgJ_Qm3CRi-mg0c9LhICwDR7AP-TuGbS4VlhApYL2jLCe_nzuZSJ8SwckRbWw==)[3](https://vertexaisearch.cloud.google.com/grounding-api-redirect/AUZIYQG7DQhJmOCDBX_8G7hxh-AZzN2ysG7NDC0-XRXq9dUlUBBSsLGAHjbDcHuruCTOUkzbIB9yxpeUvbd7zQ6KfA_Bu3PCV6zEt1MCGbPV7DX8xURIqCHgxFCMhopQJx9kZTyVKrfe23aAahyVlc127p6QbOPfSUsjwBI7ScAp-Ii7jwK5meSIIFe1WP_ByD3F)[4](https://vertexaisearch.cloud.google.com/grounding-api-redirect/AUZIYQGRAmQcG6Ky4pHr-wMtVBdJpB3YkQPO4cRLrjaqf2gYkQmOXQdEVq7PmotHoTwVugEUPo4DnsIsoDmk7puYbiGvzcPRv0OAJ8ifU-CyxoI4fjuc5kwYIJ_NosupA4h9gwl5Is7iy-uuUbusRj0byvMi6cPZtBFZRd6PudGu0u0F_HGFccaEjnrnEEuk4zTDtTGmnZjq4JWOY7rUr_nn4tuC)[5](https://vertexaisearch.cloud.google.com/grounding-api-redirect/AUZIYQEdAZiXcpxAJN2MyoOXu8kLvv0s6CY7lIj4X6_IG_vveQK_v1J6sCa1sodN-NNPLmJY_o9BUHBuzMETpf20_AgC981DIUwx-1UManRcdmGin8XngepvHzLH5XXZrBOx85v-C6jq-4RwoXG08CASJiPeyu91sc7gOnVuLThx2QIc5NzOlk5qUucu2rS6J_PhU0WlTke2uQ==)","`common crawl news`는 `Common Crawl`에서 크롤링된 뉴스 기사를 추출한 데이터셋. `Common Crawl`은 `CCBot`이라는 크롤러를 사용하여 웹을 크롤링하며, `robots.txt`를 준수한다고 주장하나, 유료 콘텐츠 크롤링 및 옵트아웃 요청 미준수 논란이 있음.","원본 데이터셋인 `Common Crawl`의 데이터 수집 방식이 저작권 침해 및 무단 크롤링 논란의 핵심이므로, 이를 기반으로 한 `common crawl news` 또한 동일한 리스크를 가짐.","`common crawl news` Hugging Face 페이지 설명 ([출처](https://huggingface.co/datasets/stanford-oval/ccnews)), Common Crawl About 페이지 ([출처](https://commoncrawl.org/about)), Common Crawl 관련 소송 및 언론 보도 [1](https://vertexaisearch.cloud.google.com/grounding-api-redirect/AUZIYQF-qYqIuQTLxf-AXnHbAGcxs0RLZWvsbkGlBz6p0TDWRFBF3DU3f4ncM3eTbZ11sRUPhHgpjMz6zkHnoxx8fGPOjmzCQd6pHkNbhc8-iz0zquwG_5c7CPJOt5N5Sy-A1forEFPAch_gGyjs1_y_KwMqHo7SQndMM6D0KNp1JRoD_8A2J8IOZmOiHJMmgC_mHRyQWeTEZw1zjXw51ff4oVMkHFtheA==)[2](https://vertexaisearch.cloud.google.com/grounding-api-redirect/AUZIYQFHmECqu7Cba0fc5zNI8Q5DG4SIz9TqhQ1HIYhAz5LKH9r2cGMSjXP_2_w3w30HmFyC14hVK0YzZd8N1icqLEjbdmMgSaIkfcxEliugsSlD6INmiYhK3dfgRKLPLGRQyO8qHJ1s-WQoNnp98pF1DUC-SuJ92dgJ_Qm3CRi-mg0c9LhICwDR7AP-TuGbS4VlhApYL2jLCe_nzuZSJ8SwckRbWw==)[6](https://vertexaisearch.cloud.google.com/grounding-api-redirect/AUZIYQETrQ8th1eoElXnYqxELu6QA5vq4yaYS9474KAxX03wlXogzzwnervEaSyyy6XL7QQuhiXB2zEG0-LLiSSjflH1wnqUHlfifSjRaB0ZPlYcWaxIdxgUbtmmdJxV9fJ9oGK1UnpAVcxZC7VcE1LXSPz8zWJ_HJb-uSilf_UJzBtDy-SXkLLISCZAnR69KCtYRAWa0MvGARZTE-ActfNA)[3](https://vertexaisearch.cloud.google.com/grounding-api-redirect/AUZIYQG7DQhJmOCDBX_8G7hxh-AZzN2ysG7NDC0-XRXq9dUlUBBSsLGAHjbDcHuruCTOUkzbIB9yxpeUvbd7zQ6KfA_Bu3PCV6zEt1MCGbPV7DX8xURIqCHgxFCMhopQJx9kZTyVKrfe23aAahyVlc127p6QbOPfSUsjwBI7ScAp-Ii7jwK5meSIIFe1WP_ByD3F)[7](https://vertexaisearch.cloud.google.com/grounding-api-redirect/AUZIYQEAW8iaSc-cDfapOtlFotQF7SA1TvT8l6GbkIn1i3vQKN12hdwBvxqSjtR8GxrCS_m3McWqj7GExa-EDHAIETvtlyVPlYLYzsKcHbXJtnv9CDfETSRbBGen36j0wW0htXS6FY7Zg8_nHYusKVVBdodHEV_XJUkKGoJ6hwviHyhY8_NnRVg9PPajrP7qgxjGOdM40l8=)[8](https://vertexaisearch.cloud.google.com/grounding-api-redirect/AUZIYQF0P9jgg12ys74bWHqDgmA-9RHPKvFs-PrFdJZDi-SxxoOkMIlJXUpnL_eZzAGV2Cl0WcKGM48yO30crt8FhL47MNt21rlC6nZIMz9e4W84ZzukXkadIe3O3MwimFvBkdzRTN_kkf6uTfY1taH-Fe0sPXRj184M0I2nESZngi-NGX2qlXurLC6fUAh6uWmgX3lO-tdjdY6zCffOIOaoN2RkDiM46r7DaCL3VpqkEFJZev5jR97MfWJhPg==)[5](https://vertexaisearch.cloud.google.com/grounding-api-redirect/AUZIYQEdAZiXcpxAJN2MyoOXu8kLvv0s6CY7lIj4X6_IG_vveQK_v1J6sCa1sodN-NNPLmJY_o9BUHBuzMETpf20_AgC981DIUwx-1UManRcdmGin8XngepvHzLH5XXZrBOx85v-C6jq-4RwoXG08CASJiPeyu91sc7gOnVuLThx2QIc5NzOlk5qUucu2rS6J_PhU0WlTke2uQ==)[9](https://vertexaisearch.cloud.google.com/grounding-api-redirect/AUZIYQHirsO1e7EeU0-AX5e0X-1LY7j6f-zsaUvsh_CZsVaZrJCcN7YqKz6TQsaaPPvLUY4bVCYTtwTSf4vnSWcMxcJyY0tCxBlWnmcnCSgyScClQAJB4D-DJZWku60SKKSZgxjtVewz8Z3KGTx2y0a5OIA5945cb3Xw9l51jnaxeJ8Nx6cfovgf-52qnMWw7juUChTptJof926XNxjYApddl-3YC1uUl3SPHyXDVLUjK0QoTkWkBvtRJhDfy-I4RGx1)","`common crawl news` 자체에는 개인정보 포함 여부가 명시되어 있지 않음. 원본 `Common Crawl`은 ""자유롭게 이용 가능한 인터넷 콘텐츠""에서 이름, 연락처 등 개인정보를 수집하며, 이를 데이터 저장소에 제공한다고 명시.","원본 `Common Crawl`에 개인정보가 포함되어 있으며, 그 활용 범위에 대한 명확한 동의를 확인하기 어렵고, 제3자의 활용 범위가 명시되어 있지 않아 잠재적 법적 리스크가 있음.","Common Crawl 개인정보 처리방침 ([출처](https://commoncrawl.org/privacy-policy)), Common Crawl Terms of Use ([출처](https://commoncrawl.org/terms-of-use))",있음,kingni32,2026-07-16T07:57:36Z,2026-07-21T22:56:57Z,https://github.com/aigovsensing/dataset-review/issues/20,open,3
19,GLOBEM,추가 검토 필요,gemini-2.5-flash,reviewed,high,PhysioNet Credentialed Health Data License 1.5.0,"연구 목적 사용 가능하나, 상업적 이용은 추가 검토 필요","PhysioNet Credentialed Health Data License 1.5.0 및 Data Use Agreement 1.5.0에 따라 자격 증명 및 DUA 서명, CITI 교육 이수 필수 ([출처](https://physionet.org/content/globem), [출처](https://vertexaisearch.cloud.google.com/grounding-api-redirect/AUZIYQEt4qBDbHd_bDpgId_zmRCArVvre18_dfvbIqfesYEoNA8WdvM1bGhTzf895OArnw6VyQV2di3S6LpMGzRezkeeWD5IeK-QPlLwin_2KoNzPHXBkcCPBiLBAdlnXuHKSSnN3n_26kD1CjdKxTJcjef3hg==))",모바일 앱(AWARE Framework) 및 웨어러블 센서(Fitbit)를 통해 497명의 참가자로부터 4년간 수집된 직접 생성·수집 데이터,"데이터 수집 과정은 IRB 승인을 받았으며, 개인정보 보호를 위해 특징 수준 데이터만 제공되고 날짜가 무작위로 변경됨","논문 및 PhysioNet 설명에 IRB 승인, 수집 방식, 익명화 처리 명시 ([출처](https://arxiv.org/abs/2211.02733), [출처](https://physionet.org/content/globem))","포함(위치, 전화 사용, 통화 기록, 블루투스, 신체 활동, 수면 행동, 설문 응답 등)","민감한 개인정보가 포함되어 있으나, 익명화 처리 및 자격 증명 기반 접근을 통해 보호 조치됨. 회사의 활용 목적에 따라 DUA의 세부 조항 검토 필수","논문 및 PhysioNet 설명에 민감한 센서 데이터 및 설문 응답 포함, 익명화 및 자격 증명 기반 접근 명시 ([출처](https://arxiv.org/abs/2211.02733), [출처](https://physionet.org/content/globem))",해당 없음,leemgs,2026-07-16T07:40:04Z,2026-07-16T10:23:34Z,https://github.com/aigovsensing/dataset-review/issues/19,open,2
18,TOFU (Task of Fictitious Unlearning),사용 가능,gemini-2.5-flash,reviewed,high,MIT License,상업적 이용 및 AI 모델 학습 가능,TOFU GitHub 저장소의 LICENSE 파일에 MIT License 명시 ([출처](https://github.com/locuslab/tofu/blob/main/LICENSE)),`GPT-4` 모델을 활용하여 존재하지 않는 가상의 인물 자서전 및 QA 쌍 생성,"생성형 AI 활용 데이터로, `GPT-4`의 학습 데이터 출처 확인 불가로 인한 잠재적 리스크 존재","데이터셋 논문 및 공식 홈페이지에서 `GPT-4`를 통한 가상 데이터 생성 명시 ([출처](https://arxiv.org/abs/2401.06121), [출처](https://locuslab.github.io/tofu/))",미포함,존재하지 않는 가상의 인물 정보를 기반으로 하므로 개인정보 포함 리스크 없음,"데이터셋 논문 및 공식 홈페이지에서 ""존재하지 않는(do not exist)"" 가상의 저자(fictitious authors)를 기반으로 함을 명시 ([출처](https://arxiv.org/abs/2401.06121), [출처](https://locuslab.github.io/tofu/))",해당 없음,leemgs,2026-07-16T06:43:55Z,2026-07-16T10:23:28Z,https://github.com/aigovsensing/dataset-review/issues/18,open,2
17,AW_FB,사용 가능,gemini-2.5-flash,reviewed,medium,CC0 1.0 Public Domain Dedication,상업적 이용 및 AI 모델 학습 포함 모든 용도로 사용 가능,Harvard Dataverse 공식 페이지에 명시된 라이선스 및 사용 조건 [1](https://vertexaisearch.cloud.google.com/grounding-api-redirect/AUZIYQFyRmYQMCV_89KawAX14t-oyRKJdtM0teIdR6Hp5ZrdHMwyH_yaTyQ31ws2Eah8YxhBYcQ5D99aFMpdpupTD7JxLiulvZMD1FK6xcX3YumnfP6PLyzuLvfEx7mwHoY=),46명의 참가자로부터 Apple Watch 및 Fitbit 웨어러블 기기를 통해 직접 수집된 생체 데이터,"직접 수집된 데이터로, 생성형 AI 또는 다른 데이터셋 기반의 파생 데이터셋이 아님",데이터셋 논문 및 Harvard Dataverse 설명 [1](https://vertexaisearch.cloud.google.com/grounding-api-redirect/AUZIYQFyRmYQMCV_89KawAX14t-oyRKJdtM0teIdR6Hp5ZrdHMwyH_yaTyQ31ws2Eah8YxhBYcQ5D99aFMpdpupTD7JxLiulvZMD1FK6xcX3YumnfP6PLyzuLvfEx7mwHoY=),"직접 식별자 미포함, 비식별화됨",개인정보 관련 리스크 없음,Harvard Dataverse 공식 페이지의 'Confidentiality & Anonymity' 섹션 [1](https://vertexaisearch.cloud.google.com/grounding-api-redirect/AUZIYQFyRmYQMCV_89KawAX14t-oyRKJdtM0teIdR6Hp5ZrdHMwyH_yaTyQ31ws2Eah8YxhBYcQ5D99aFMpdpupTD7JxLiulvZMD1FK6xcX3YumnfP6PLyzuLvfEx7mwHoY=),해당 없음,leemgs,2026-07-15T07:48:43Z,2026-07-15T08:50:17Z,https://github.com/aigovsensing/dataset-review/issues/17,open,2
16,LifeSnaps,추가 검토 필요,gemini-2.5-flash,reviewed,high,`Creative Commons Attribution 4.0 International (CC BY 4.0)`,상업적 이용 및 AI 모델 학습 가능,`CC BY 4.0` 라이선스 조항에 따라 상업적 이용 및 2차적 저작물 생성이 허용됨 ([출처](https://creativecommons.org/licenses/by/4.0/legalcode)),"71명의 참가자로부터 설문조사, 실시간 생태학적 순간 평가(EMA), `Fitbit Sense` 스마트워치를 통해 직접 수집된 다중 모드, 종단적 데이터",직접 생성·수집 데이터,Zenodo 저장소 설명 및 논문에 데이터 수집 방식이 상세히 기술됨 ([출처](https://zenodo.org/records/7229547)),"건강, 행동, 생체 정보 등 민감한 개인정보가 포함되어 있으며, 익명화 과정을 거쳤고 ""미래 연구를 위한 공개""에 동의함",개인정보 포함(잠재적 리스크 존재),"`Fitbit Sense` 데이터 및 ""인류학적 데이터""의 특성상 민감 정보 포함이 명백하며, 익명화 노력에도 불구하고 재식별 가능성 및 상업적 AI 학습에 대한 명시적 동의 범위 불확실성으로 잠재적 리스크 존재 ([출처](https://zenodo.org/records/7229547), [출처](https://vertexaisearch.cloud.google.com/grounding-api-redirect/AUZIYQGWKsxVgVTRe8GD-_48_R8K2NxGYwuiVFxJSFUI3kwzCxtSAWy0MCw1kfyZcZH0-ESPAcMRq-87qxGVjzOH4zH_y9_r6NSyPXLjTw_WwaNKc_Y8u42UqgcD9lsm6HkLC9wBk0xJPo65XmG6BX9-2SsGzf_k1jjIIxhj94LJh4fSUHP7BB9TNvZ69CRgNRCCMKlIgq7lTA==))",해당 없음,leemgs,2026-07-15T07:46:04Z,2026-07-17T01:45:48Z,https://github.com/aigovsensing/dataset-review/issues/16,open,19
15,Wizard of Wikipedia,추가 검토 필요,gemini-2.5-flash,reviewed,,데이터셋 자체의 명시적 라이선스 확인 불가. 원본 데이터인 Wikipedia는 CC BY-SA 4.0 및 GFDL 라이선스 적용. Hugging Face의 비공식 재배포 버전은 CC BY-NC 4.0 라이선스 명시.,"데이터셋 자체의 명시적 라이선스가 없어 원본 데이터의 라이선스 제약이 적용될 가능성이 높으며, 상업적 이용 시 귀속 및 동일 조건 변경 허락 의무를 준수해야 함.",데이터셋 공식 홈페이지 및 논문에서 데이터셋 자체의 명시적 라이선스 확인 불가. Wikipedia 콘텐츠는 CC BY-SA 4.0 및 GFDL 라이선스 적용 ([출처 17](https://vertexaisearch.cloud.google.com/grounding-api-redirect/AUZIYQGAkNdSlny5qml5ybAP0qdnDSRuO9zjG3IrkRs52--h87zDf1SrSLS1ui5i7IAElxMh2l9ooSSil9v_SzW1huu_VykOl0bPkoFIFtmzojUQCBFkdTnq-slaaiGaCBwhzyN_aHyueNa4JdLbffKqVCkQfA7pRwI=)).,Wikipedia에서 검색된 지식을 기반으로 Amazon Mechanical Turk를 통해 인간(마법사)과 인간(견습생) 간의 대화를 수집하여 구축됨. 마법사는 Wikipedia 문장을 활용하여 대화에 참여하도록 요청받음.,Wikipedia 콘텐츠의 라이선스 제약이 파생 데이터셋에 상속될 수 있음. 크라우드소싱을 통한 인간 대화 수집 방식은 잠재적 개인정보 포함 리스크를 가질 수 있음.,"논문 ""Wizard of Wikipedia: Knowledge-Powered Conversational agents""에서 ""collect and release a large dataset with conversations directly grounded with knowledge retrieved from Wikipedia"" 및 ""we ask the human to read Wikipedia sentences and use them if possible rather than their own personal knowledge""라고 명시 ([출처 1](https://vertexaisearch.cloud.google.com/grounding-api-redirect/AUZIYQG1bJTGrLOYI8_GmGU2rInzYcDUZ5YFDEOZph03DH96wHCHYKMMURAozTfd-yCUl2OWVGUK56SY9GhBwrlw3sYCKpUPhGAFw7AeR_4loOOZr9_pfrlrOTHoOE0=), [출처 3](https://vertexaisearch.cloud.google.com/grounding-api-redirect/AUZIYQGbWYVkeY5D3jkZo8ts3kbnhOjONqSje2zf3WW6yvvtW_skIgnpKK6OLNx_mowf0A0YmTjJazjodtr3hyeMlvprBNDUirPEH9oE7xs5M5b4HdQIA11ettfPzD1l96eDwUVGTB9q), [출처 7](https://vertexaisearch.cloud.google.com/grounding-api-redirect/AUZIYQEgo8CW1b5aLRy0uripOTe92zupCVP7N_uVHd_N1z9mnqVa-NsuqOOfTll5yVKGNexQK3_RbQlSeqqUgfGVGb-V2ZbRGnZcdatf4dwQW9xCOASZgl7SJh6ibA=)). ParlAI 공식 홈페이지에서도 Wikipedia 지식 기반 대화 데이터셋임을 명시 ([출처 2](https://vertexaisearch.cloud.google.com/grounding-api-redirect/AUZIYQGqdMou-rr-c7cLsUMnaBcpPq3_HHBK46ejDOj5HIVxm1g0pd6AbxNPpS9QWnN5n-2vRGDPIysE1DcMP3evoXVhw1s4LqlciDpPchjxuVlmictVaDzbeByVkWGX8fMCl3OEM3GYCf7Q)). Amazon Mechanical Turk를 데이터 수집에 활용했음 ([출처 2](https://vertexaisearch.cloud.google.com/grounding-api-redirect/AUZIYQGqdMou-rr-c7cLsUMnaBcpPq3_HHBK46ejDOj5HIVxm1g0pd6AbxNPpS9QWnN5n-2vRGDPIysE1DcMP3evoXVhw1s4LqlciDpPchjxuVlmictVaDzbeByVkWGX8fMCl3OEM3GYCf7Q), [출처 9](https://vertexaisearch.cloud.google.com/grounding-api-redirect/AUZIYQFBfTKPANJOfl7tjxPQVcEZ05WaLEZZNU_sHNT4Gk2jdYdGOUBB4hfDm0_uCiNUs6S-wcPpk_59QB10Z30jHITawMqC9I3lyzWEndPTdGvqyZCcB2PJK0j8LiJRfz0XfpWTU=)).","공식 문서에서 개인정보 포함 여부 및 수집 동의 범위에 대한 명확한 언급 없음. 대화 참여자에게 개인 지식 대신 Wikipedia 지식을 사용하도록 요청했으나, 인간 대화의 특성상 개인정보가 포함될 가능성을 배제할 수 없음.",개인정보 포함 여부 및 동의 범위를 확인할 수 없어 잠재적 법적 리스크가 있음.,"개인정보 포함 여부 및 동의 범위에 대한 공식 문서 확인 불가. 논문에서 ""ask the human to read Wikipedia sentences and use them if possible rather than their own personal knowledge""라고 언급 ([출처 3](https://vertexaisearch.cloud.google.com/grounding-api-redirect/AUZIYQGbWYVkeY5D3jkZo8ts3kbnhOjONqSje2zf3WW6yvvtW_skIgnpKK6OLNx_mowf0A0YmTjJazjodtr3hyeMlvprBNDUirPEH9oE7xs5M5b4HdQIA11ettfPzD1l96eDwUVGTB9q)).",해당 없음,hooky119,2026-07-09T06:46:09Z,2026-07-15T08:53:36Z,https://github.com/aigovsensing/dataset-review/issues/15,open,4
14,GSM8K,사용 가능,gemini-2.5-flash,reviewed,medium,MIT License,상업적 이용 및 AI 모델 학습 가능,"MIT License는 광범위한 사용을 허용하며, 공식 문서에서 상업적 이용 및 AI 모델 학습에 대한 제한을 명시하지 않음",인간 문제 작성자가 직접 생성,리스크 없음,데이터셋은 프리랜서 계약자와 Surge AI를 통해 인간이 직접 수학 문제를 작성하고 검증하여 구축됨,미포함,리스크 없음,"데이터셋은 수학 문제와 그 풀이로 구성되어 있으며, 개인을 식별할 수 있는 정보가 포함되어 있다는 공식적인 언급이 없음",해당 없음,leemgs,2026-07-08T23:04:39Z,2026-07-15T09:06:20Z,https://github.com/aigovsensing/dataset-review/issues/14,open,2
13,MATH,사용 비권고,gemini-2.5-flash,reviewed,medium,MIT License [1](https://vertexaisearch.cloud.google.com/grounding-api-redirect/AUZIYQGuCfl5ZScJNdqel2iA2WF9QD9tkrkTrAwGe2M_joe9-i1f5HMI7kMgpHJM3BKmLZJNeJhdLQEKqrnhenKqniQCVSSAIwdLlx8cqnS8QndVUDEZ77-dI4iV3u_ph5ru4cHQo-hMjcg5Yx-TV9eE3CF1),"상업적 이용 및 AI 모델 학습 가능하나, 데이터 수집 방식의 저작권 리스크로 인해 활용에 제약이 있음","GitHub 저장소에 MIT License 명시 [1](https://vertexaisearch.cloud.google.com/grounding-api-redirect/AUZIYQGuCfl5ZScJNdqel2iA2WF9QD9tkrkTrAwGe2M_joe9-i1f5HMI7kMgpHJM3BKmLZJNeJhdLQEKqrnhenKqniQCVSSAIwdLlx8cqnS8QndVUDEZ77-dI4iV3u_ph5ru4cHQo-hMjcg5Yx-TV9eE3CF1) ([출처](https://github.com/hendrycks/math/blob/main/LICENSE)), 그러나 Hugging Face에서 DMCA 통지로 인해 데이터셋이 비활성화된 이력이 확인됨 [4](https://vertexaisearch.cloud.google.com/grounding-api-redirect/AUZIYQGFCOE9lzcDG3qnB_-R8a9n69GP-94wBc3m2EOBKIET_gCXTXvajjLpJ-k69f1tdbxfXQLuqWPescbJZR0DSUcNEdzQ6t-1dNK7kqNm0fxAD_Vt7v2CIeoH5BrxxYFEe5OMDA59tyh2Tbz8IioJSCWv37ZY7Mkdhw==) ([출처](https://github.com/UKGovernmentBEIS/inspect_evals/issues/193))","AMC 10, AMC 12, AIME 등 수학 경시대회 문제와 단계별 솔루션으로 구성 [3](https://vertexaisearch.cloud.google.com/grounding-api-redirect/AUZIYQEMHWs3BKk8gJWI9uqn9k-xsgwkDA0HgAWoDDC40zYhAq0E2NQadJPVivFS-LgQoB3zq0NQYRMG7wobq9Ph_ca_3Av8xvJDiJmA0Bw-SNOgMaFQewM9N82sgk6J-UJLB-EIbadfF96zpQBwDfkpi2YrwA56y6ARhd9Qjg==). 원본 데이터셋은 MATH 자체임.","직접 수집된 경시대회 문제이나, 해당 문제들의 저작권 소유 주체(Art of Problem Solving)로부터 DMCA 통지가 있었으므로 저작권 침해 리스크가 존재함 [4](https://vertexaisearch.cloud.google.com/grounding-api-redirect/AUZIYQGFCOE9lzcDG3qnB_-R8a9n69GP-94wBc3m2EOBKIET_gCXTXvajjLpJ-k69f1tdbxfXQLuqWPescbJZR0DSUcNEdzQ6t-1dNK7kqNm0fxAD_Vt7v2CIeoH5BrxxYFEe5OMDA59tyh2Tbz8IioJSCWv37ZY7Mkdhw==).","데이터셋 논문 및 Hugging Face 데이터셋 카드에 경시대회 문제로 구성되었음을 명시 [2](https://vertexaisearch.cloud.google.com/grounding-api-redirect/AUZIYQFaBAUzw3EPX0ykjsHKOWZzjPWoFgh020l5UuFF3seGcj--GHOfh6wV30JkIgpbQeAvGMegVYIEHKQygAlbDLTWd1BbhuKB3GKPo1U_dsAMwksDHfsrNtu58QaczTZn6mc=)[3](https://vertexaisearch.cloud.google.com/grounding-api-redirect/AUZIYQEMHWs3BKk8gJWI9uqn9k-xsgwkDA0HgAWoDDC40zYhAq0E2NQadJPVivFS-LgQoB3zq0NQYRMG7wobq9Ph_ca_3Av8xvJDiJmA0Bw-SNOgMaFQewM9N82sgk6J-UJLB-EIbadfF96zpQBwDfkpi2YrwA56y6ARhd9Qjg==) ([출처](https://arxiv.org/pdf/2103.03874.pdf), [출처](https://huggingface.co/datasets/EleutherAI/hendrycks_math/blob/main/README.md)), Hugging Face에서 Art of Problem Solving의 DMCA 통지로 인해 데이터셋이 비활성화된 사실 확인 [4](https://vertexaisearch.cloud.google.com/grounding-api-redirect/AUZIYQGFCOE9lzcDG3qnB_-R8a9n69GP-94wBc3m2EOBKIET_gCXTXvajjLpJ-k69f1tdbxfXQLuqWPescbJZR0DSUcNEdzQ6t-1dNK7kqNm0fxAD_Vt7v2CIeoH5BrxxYFEe5OMDA59tyh2Tbz8IioJSCWv37ZY7Mkdhw==) ([출처](https://github.com/UKGovernmentBEIS/inspect_evals/issues/193))",미포함 [3](https://vertexaisearch.cloud.google.com/grounding-api-redirect/AUZIYQEMHWs3BKk8gJWI9uqn9k-xsgwkDA0HgAWoDDC40zYhAq0E2NQadJPVivFS-LgQoB3zq0NQYRMG7wobq9Ph_ca_3Av8xvJDiJmA0Bw-SNOgMaFQewM9N82sgk6J-UJLB-EIbadfF96zpQBwDfkpi2YrwA56y6ARhd9Qjg==),개인정보가 포함되어 있지 않으므로 리스크 없음,"데이터셋은 수학 문제와 솔루션 텍스트로 구성되어 있으며, 개인을 식별할 수 있는 정보가 포함될 여지가 없음 [3](https://vertexaisearch.cloud.google.com/grounding-api-redirect/AUZIYQEMHWs3BKk8gJWI9uqn9k-xsgwkDA0HgAWoDDC40zYhAq0E2NQadJPVivFS-LgQoB3zq0NQYRMG7wobq9Ph_ca_3Av8xvJDiJmA0Bw-SNOgMaFQewM9N82sgk6J-UJLB-EIbadfF96zpQBwDfkpi2YrwA56y6ARhd9Qjg==) ([출처](https://huggingface.co/datasets/EleutherAI/hendrycks_math/blob/main/README.md))",있음,aigovsensing,2026-07-08T10:52:48Z,2026-07-21T06:58:32Z,https://github.com/aigovsensing/dataset-review/issues/13,open,4
12,ConEL-2,추가 검토 필요,gemini-2.5-flash,reviewed,medium,MIT License,상업적 이용 및 AI 모델 학습 가능,GitHub 저장소의 `LICENSE` 파일에 명시 ([출처](https://github.com/informagi/conversational-entity-linking-2022/blob/main/LICENSE)),`CoNLL-2003` 데이터셋을 기반으로 대화형 엔티티 연결 데이터 생성,원본 데이터셋의 라이선스 및 개인정보 처리 동의 범위에 대한 추가 확인 필요,데이터셋 논문 및 GitHub 저장소 설명 ([출처](https://github.com/informagi/conversational-entity-linking-2022/tree/main)),"포함(이름, 위치, 조직 등)",원본 데이터셋의 개인정보 수집 동의 및 활용 범위에 대한 확인 불가로 잠재적 법적 리스크 존재,원본 데이터셋인 `CoNLL-2003`의 Named Entity Recognition 태그 정보 ([출처](https://huggingface.co/datasets/eriktks/conll2003)),해당 없음,kimhhhj,2026-07-08T06:26:34Z,2026-07-20T04:36:57Z,https://github.com/aigovsensing/dataset-review/issues/12,open,5
11,SST-2,사용 비권고,gemini-2.5-flash,reviewed,medium,비상업적 연구 및 교육 목적만 허용,상업적 이용 불가,원본 제공처의 명시적 사용 조건,"영화 리뷰 문장 직접 수집, 소프트웨어(Stanford Parser) 분석, 인간 주석",직접 수집 및 인간 주석 데이터,데이터셋 설명 및 논문 내용,확인 불가,잠재적 법적 리스크 있음,개인정보 포함 여부 및 동의 범위에 대한 공식 문서 확인 불가,해당 없음,aigovsensing,2026-07-07T06:33:05Z,2026-07-15T09:06:19Z,https://github.com/aigovsensing/dataset-review/issues/11,open,6
10,GenAI-Bench (GenAI-Arena),,gemini-2.5-flash,reviewed,low,CC BY 4.0 및 MIT License,"상업적 이용 및 AI 모델 학습 가능하나, 라이선스 명시의 불일치로 추가 확인 필요","공식 Hugging Face 저장소 및 논문에서 CC BY 4.0 명시, GitHub 저장소에서 MIT License 명시 ([출처 5](https://github.com/TIGER-AI-Lab/GenAI-Bench), [출처 7](https://arxiv.org/abs/2406.04485), [출처 12](https://huggingface.co/datasets/TIGER-Lab/GenAI-Bench))","`GenAI-Arena` 플랫폼을 통해 수집된 인간 선호도 데이터 기반 파생 데이터셋. 프롬프트는 전문 디자이너가 제공하고, AI 모델이 생성한 이미지/비디오에 대한 인간 평가를 수집함.",원본 데이터셋인 `GenAI-Arena`의 데이터 수집 방식 및 사용된 생성형 AI 모델의 학습 데이터 출처에 대한 정보가 불충분하여 잠재적 리스크 존재,"`GenAI-Bench` 논문 및 Hugging Face 설명 ([출처 1](https://vertexaisearch.cloud.google.com/grounding-api-redirect/AUZIYQEbt7lwEYWUTrxdbJ9y1I2bCNRGyj1jT7XDKqRUZGXuvTUolUa4CJc1VPQHL52r2LGBCBjp9NFXIQXAWBUHNYqqWPQZm1g7b0SIejfeDK8U2l3LTYZqZgCxjbqTq89AmnCAgWLy), [출처 2](https://vertexaisearch.cloud.google.com/grounding-api-redirect/AUZIYQGPz6aBJOwvjE1MDyJr5vB6c121wELygSYbUYDwVtwDPSdp6rIcNyeqFepLzKar34hmEAEuf070vOdFwi9mTc0d-SFY1s63Y7cMf_D_qnFhmVTPyNhoUzYlKGE0UeTg4gzdAqd0MGMLmhIDaPs=), [출처 4](https://vertexaisearch.cloud.google.com/grounding-api-redirect/AUZIYQGQZr80bH1LfPTYcQZMjUevxon1ZrpggIRsORIMqYe5oDyqM9pZRIJiFN34gghqaFAGBMVZ8LtgcQDt9ulbMlAEJ1t3l_kzplTrjS02AFh6ri4TSjn6BkZ-HFc=), [출처 7](https://vertexaisearch.cloud.google.com/grounding-api-redirect/AUZIYQGtMeqBoN-7xZxRMnlUcjwh-Q7JYkXHxojwSS3ThCWfxphVRI9P_TLAKexEOBRa7r5n6NObnH4l_sJWefjM4-r2L8-k-rsDvtC7GH6GJDDBD8UjMXsp9PQwT26UtEY=), [출처 12](https://vertexaisearch.cloud.google.com/grounding-api-redirect/AUZIYQG3uTUA3ssnUT0M1trEVQkctK0l7Pg6QTigvtnZRdFMzuGMIpUj6IOrvYSk_VKLcuemjqkQjfBFM4i1Ce6Gh93Gp88y-iZaBRXav-vL0X9S3UgBggMdVMUGd08vT--pYPZvZXPvmW8bTAxIjnTSYMc=))",확인 불가,개인정보 포함 여부 및 동의 범위에 대한 공식적인 확인이 불가하여 잠재적 법적 리스크 존재,개인정보 포함 여부 및 동의 범위에 대한 공식 문서 확인 불가,해당 없음,aigovsensing,2026-07-07T06:32:17Z,2026-07-15T09:06:18Z,https://github.com/aigovsensing/dataset-review/issues/10,open,6
9,Pick-a-Pic,추가 검토 필요,gemini-2.5-flash,reviewed,medium,CC0,상업적 이용 및 AI 모델 학습 가능,논문에 CC0 라이선스 명시,"사용자가 텍스트 프롬프트를 입력하고 생성형 AI 모델이 만든 이미지에 대한 선호도를 평가하여 수집. 사용된 생성형 AI 모델은 `Stable Diffusion 2.1`, `Dreamlike Photoreal 2.0`, `Stable Diffusion XL` 등","생성형 AI 활용 데이터로, 원본 모델의 저작권 리스크가 전이될 수 있음",논문 및 공식 블로그에 데이터 수집 방식 및 사용 모델 명시,"사용자 ID는 익명화되었으며, NSFW 필터링이 적용됨.",사용자 프롬프트 및 생성된 이미지 내 개인 식별 정보(예: 얼굴) 포함 여부 및 동의 범위에 대한 명확한 확인이 어려워 추가 검토 필요,논문에 사용자 ID 익명화 및 NSFW 필터링 언급,있음,aigovsensing,2026-07-07T06:31:01Z,2026-07-15T09:06:18Z,https://github.com/aigovsensing/dataset-review/issues/9,open,7
8,LLaVA-CoT-100K,사용 비권고,gemini-2.5-flash,reviewed,,"`LLaVA-CoT-100K`는 Apache 2.0 라이선스를 따르지만, 원본 데이터셋인 `ShareGPT4V`는 CC BY NC 4.0, `ScienceQA`는 CC BY-NC-SA 4.0 라이선스를 따르며 연구 목적으로만 사용이 허용됨. `CLEVR-Math`는 CC BY 4.0 라이선스임.","원본 데이터셋의 라이선스 제약(비상업적, 연구 목적만 허용)이 파생 데이터셋에 상속되므로, `LLaVA-CoT-100K`는 상업적 이용이 불가하며 연구 목적으로만 사용 가능함.","`LLaVA-CoT-100K` Hugging Face 데이터셋 카드 ([출처 3]), `ShareGPT4V` GitHub 및 Hugging Face ([출처 1], [출처 4]), `ScienceQA` GitHub 및 공식 홈페이지 ([출처 2], [출처 5]), `CLEVR-Math` 논문 ([출처 22])","기존 공개 VQA 데이터셋에서 이미지와 질문을 가져오고, `GPT-4o`를 사용하여 단계별 추론(reasoning) 답변을 생성하여 구축됨.","`GPT-4o`의 생성 결과물은 OpenAI 약관에 따라 상업적 이용이 가능하지만, 원본 이미지/질문 데이터셋의 라이선스 제약이 더 엄격하므로 해당 제약이 우선 적용됨.","`LLaVA-CoT` 논문 ([출처 1]), `LLaVA-CoT-100K` Hugging Face 데이터셋 카드 ([출처 3]), OpenAI Terms of Use ([출처 17])","공식 문서에서 개인정보 포함 여부 및 처리 방식, 동의 범위에 대한 명확한 언급 없음. 원본 VQA 데이터셋의 이미지에 개인정보(예: 얼굴)가 포함될 가능성 있음.",개인정보 포함 여부 및 동의 범위를 확인할 수 없어 잠재적 법적 리스크가 있음.,공식 문서에서 확인 불가 ([출처 14]),해당 없음,aigovsensing,2026-07-07T06:28:34Z,2026-07-17T04:17:12Z,https://github.com/aigovsensing/dataset-review/issues/8,open,4
7,MAFW,사용 비권고,gemini-2.5-flash,reviewed,high,"연구 목적의 비상업적 이용만 허용, 재배포 불가",상업적 이용 및 AI 모델 학습에 부적합,"MAFW 공식 홈페이지의 Terms & Conditions 및 EULA에 ""non-commercial research purposes only"" 명시 및 상업적 이용 및 재배포 금지 조항 확인 ([출처 1](https://mafw-database.github.io/MAFW/), [출처 2](https://mafw-database.github.io/MAFW/academics/mafw-academics-final.pdf))","영화, TV 드라마, BiliBili 및 YouTube의 짧은 영상에서 수집된 ""in-the-wild"" 데이터",원본 미디어의 저작권 및 이용 약관 위반 가능성 존재,"데이터셋 논문 및 공식 홈페이지에 데이터 소스 명시 ([출처 1](https://mafw-database.github.io/MAFW/), [출처 6](https://vertexaisearch.cloud.google.com/grounding-api-redirect/AUZIYQHvxOYtx66HJ23S6DSD6Mvpc1u03_OhkWd5NtU7TFkipwnA7j53A7cd0nXv2E22gmWY7GR3yCSMKIs81DhSTJ4EBfvxls2vlqQkHJF_W_-2Uy5gHvs-9qwpCNOykHxQaKUSlmxU26hAihk2Ec9PuNk-c9EmcROKv_w=))",얼굴 및 음성 정보 포함,개인정보 수집 및 제3자 활용 동의 범위 확인 불가로 인한 높은 법적 리스크,"데이터셋이 영상-음성 클립으로 구성되어 개인 식별 정보 포함이 명백하며, 공식 문서에서 개인정보 동의 범위 및 활용 동의 여부 확인 불가 ([출처 1](https://mafw-database.github.io/MAFW/), [출처 2](https://mafw-database.github.io/MAFW/academics/mafw-academics-final.pdf))",해당 없음,aigovsensing,2026-07-07T06:26:37Z,2026-07-17T04:43:35Z,https://github.com/aigovsensing/dataset-review/issues/7,open,4
6,MNIST,추가 검토 필요,,reviewed,,CC BY-SA 3.0,추가 검토 필요,`ShareAlike` 조건으로 인해 파생 저작물(AI 모델 또는 그 결과물)에 대한 동일 라이선스 적용 의무 발생 가능성,원본 데이터셋(NIST) 기반 직접 수집 및 전처리,리스크 없음,손글씨 이미지를 전처리하여 구성,미포함,리스크 없음,"개인을 식별할 수 있는 정보(얼굴, 음성 등) 없음",해당 없음,aigovsensing,2026-07-07T06:18:40Z,2026-07-07T06:20:01Z,https://github.com/aigovsensing/dataset-review/issues/6,closed,3
5,OpenMathInstruct-2,추가 검토 필요,gemini-2.5-flash,reviewed,medium,CC BY 4.0,상업적 이용 및 AI 모델 학습 가능,"데이터셋 공식 Hugging Face 저장소에 CC BY 4.0 라이선스가 명시되어 있으며, 이는 상업적 이용 및 2차적 저작물 생성을 허용하는 라이선스임 ([출처](https://huggingface.co/datasets/nvidia/OpenMathInstruct-2)).","`Llama3.1-405B-Instruct` 생성형 AI 모델을 활용하여 `GSM8K` (MIT 라이선스) 및 `MATH` (MIT 라이선스) 데이터셋의 문제를 기반으로 질문-해답 쌍을 생성 및 증강함. `Llama3.1` 모델은 ""Llama 3.1 Community License""를 따르며, 학습 데이터는 ""공개적으로 사용 가능한 소스""로 명시되어 있으나 구체적인 출처 및 라이선스 확인 불가.","`OpenMathInstruct-2` 자체는 상업적 이용이 가능한 라이선스이나, 생성 도구인 `Llama3.1` 모델의 학습 데이터 출처가 불분명하고 `Llama3.1` 라이선스에 특정 규모 이상의 사용 시 추가 라이선스 요구 조건이 있어 잠재적 법적 리스크가 있음.","OpenMathInstruct-2 논문에서 `Llama3.1` 모델을 활용한 데이터 생성 방식을 명시하고 있으며 ([출처](https://arxiv.org/abs/2410.01560)), `Llama3.1` 모델의 Hugging Face 페이지 및 GitHub 라이선스 문서에서 ""Llama 3.1 Community License""를 확인할 수 있음. 이 라이선스는 상업적 이용을 허용하지만, 월간 활성 사용자 7억 명 초과 시 Meta로부터 별도 라이선스를 받아야 하는 조건이 있음 ([출처](https://huggingface.co/meta-llama/Llama-3.1-405B-Instruct), [출처](https://github.com/meta-llama/llama-models/blob/main/models/llama3_1/LICENSE)). `GSM8K`는 MIT 라이선스 ([출처](https://huggingface.co/datasets/openai/gsm8k)), `MATH`는 MIT 라이선스 ([출처](https://github.com/hendrycks/math))로 상업적 이용이 가능함.",미포함,리스크 없음,"데이터셋은 수학 문제와 해답으로 구성되어 있으며, 공식 문서 및 샘플에서 개인을 식별할 수 있는 정보가 포함되어 있다는 언급이나 흔적을 찾을 수 없음 ([출처](https://huggingface.co/datasets/nvidia/OpenMathInstruct-2)).",해당 없음,aigovsensing,2026-07-07T06:01:16Z,2026-07-21T22:53:02Z,https://github.com/aigovsensing/dataset-review/issues/5,open,7
4,LAION-5B,사용 비권고,gemini-2.5-flash,reviewed,low,"LAION-5B 메타데이터는 `Creative Commons CC-BY 4.0` 라이선스로 배포되나, 이미지 자체는 원본 저작권에 따름. LAION은 연구 목적 사용을 권장하며 상업적 이용에 대한 명확한 허용이 없고, ""ready-to-go industrial products"" 사용을 권고하지 않음. [1](https://vertexaisearch.cloud.google.com/grounding-api-redirect/AUZIYQFx8FxdSHoGYn5ENFCzue2O_2eR-TCVU3keOmbHQBRAG_j8DB7Z7rXStFnCYY-W4t_Ipwt1cdeFVUV-cBguOsIPQabo43y9TsAJ1YnMZ3K_13w584iRDum6rKY1lNHMghxWVucE2rY=)[2](https://vertexaisearch.cloud.google.com/grounding-api-redirect/AUZIYQHuGZvQM2J8FzQjy8OpbIqZGQpumGv9bZmAoY0I9NBM-3sSDMxqNOcnpxMYxJ7YbdqUKC1RPsEtzyLoeoiPcwl9oPtig3AoOwFYhM23SEBWGasZwtVlCQx5Bh8mfbQxP60AQhcEl2A1Mrg=)[3](https://vertexaisearch.cloud.google.com/grounding-api-redirect/AUZIYQE9S_Q13FQsgCeK2NrrQVdfpFJAdTEPEPrUjHDyIz3L1CMOzZ59_PWvMLLBD5nV6WxvQLe-xTCXO0hMRcunNUV5T9t8CSqgbbOoH4843C3dP7oyUYae-PC__5PHz9uiXXevK-5XQUV7YKup0Axi9_P4_F4NrD7pqN0xWA==)","메타데이터 라이선스와 별개로 이미지 원본의 저작권이 불분명하며, 상업적 이용에 대한 제한이 명시되어 있어 상업적 활용에 잠재적 법적 리스크가 있음.","LAION-5B 논문 및 공식 블로그에서 라이선스 및 사용 조건 명시 ([출처](https://laion.ai/blog/laion-5b/), [출처](https://arxiv.org/abs/2210.08402))","Common Crawl에서 웹 페이지를 크롤링하여 이미지 URL과 ALT 텍스트를 수집하고, OpenAI의 `CLIP` 모델을 사용하여 이미지-텍스트 쌍의 유사도를 필터링하여 생성됨. [4](https://vertexaisearch.cloud.google.com/grounding-api-redirect/AUZIYQEGcWwswbc1mZiBFMaSEb5DQ_NfR-krvOwSHOb8eePBBweB_MU_gQEfU6sTZhoqVP-HhaPhOj7-X5RAJcubH6o1YuB8GBFaeeznE364aluII22_yduxNmfH8orfbi9DClReUgM=)[1](https://vertexaisearch.cloud.google.com/grounding-api-redirect/AUZIYQFx8FxdSHoGYn5ENFCzue2O_2eR-TCVU3keOmbHQBRAG_j8DB7Z7rXStFnCYY-W4t_Ipwt1cdeFVUV-cBguOsIPQabo43y9TsAJ1YnMZ3K_13w584iRDum6rKY1lNHMghxWVucE2rY=)[2](https://vertexaisearch.cloud.google.com/grounding-api-redirect/AUZIYQHuGZvQM2J8FzQjy8OpbIqZGQpumGv9bZmAoY0I9NBM-3sSDMxqNOcnpxMYxJ7YbdqUKC1RPsEtzyLoeoiPcwl9oPtig3AoOwFYhM23SEBWGasZwtVlCQx5Bh8mfbQxP60AQhcEl2A1Mrg=)[5](https://vertexaisearch.cloud.google.com/grounding-api-redirect/AUZIYQELVK3WWbrYo3TfaTn5DT5NViDVPqx9rUWqco9RwPSW-upOA6SGi50VJxjp9CkD1h90jUxTBbNaUvigD1IjgvcIGjE6VRNdt_u6-sawJeGBD93nxTYK1m21_sadECfg) 인간의 개입 없이 자동화된 방식으로 수집되었으며, 이미지 파일 자체가 아닌 URL과 메타데이터를 제공함. [1](https://vertexaisearch.cloud.google.com/grounding-api-redirect/AUZIYQFx8FxdSHoGYn5ENFCzue2O_2eR-TCVU3keOmbHQBRAG_j8DB7Z7rXStFnCYY-W4t_Ipwt1cdeFVUV-cBguOsIPQabo43y9TsAJ1YnMZ3K_13w584iRDum6rKY1lNHMghxWVucE2rY=)","Common Crawl 기반의 자동화된 웹 크롤링 방식은 원본 저작권자의 동의 없이 데이터를 수집했을 가능성이 높으며, 이는 저작권 침해 및 무단 활용에 대한 법적 리스크를 내포함.","LAION-5B 논문 및 관련 문서에서 데이터 수집 방식 및 원본 출처 명시 ([출처](https://arxiv.org/abs/2210.08402), [출처](https://www.knowingmachines.org/blog/2023/12/13/models-all-the-way-down))","LAION-5B에는 아동 성 착취물(CSAM)을 포함한 불법적이고 유해한 콘텐츠의 URL이 1,000개 이상 포함되어 있음이 Stanford Internet Observatory 보고서에 의해 확인됨. [2](https://vertexaisearch.cloud.google.com/grounding-api-redirect/AUZIYQHuGZvQM2J8FzQjy8OpbIqZGQpumGv9bZmAoY0I9NBM-3sSDMxqNOcnpxMYxJ7YbdqUKC1RPsEtzyLoeoiPcwl9oPtig3AoOwFYhM23SEBWGasZwtVlCQx5Bh8mfbQxP60AQhcEl2A1Mrg=) 또한, ""no language"" 텍스트에는 사람 이름과 장소 정보가 포함될 수 있다고 명시됨. [1](https://vertexaisearch.cloud.google.com/grounding-api-redirect/AUZIYQFx8FxdSHoGYn5ENFCzue2O_2eR-TCVU3keOmbHQBRAG_j8DB7Z7rXStFnCYY-W4t_Ipwt1cdeFVUV-cBguOsIPQabo43y9TsAJ1YnMZ3K_13w584iRDum6rKY1lNHMghxWVucE2rY=) LAION은 CSAM 발견 후 데이터셋을 일시적으로 내렸으며, `Re-LAION-5B`라는 정제된 버전을 출시함.","CSAM을 포함한 불법 콘텐츠 및 개인 식별 가능 정보가 포함되어 있어 심각한 법적 리스크가 있으며, 개인정보 수집 동의 및 활용 범위에 대한 공식적인 확인이 불가함.","Stanford Internet Observatory 보고서 및 LAION 공식 블로그 ([출처](https://www.techpolicy.press/laion-5b-stable-diffusion-1-5-and-the-original-sin-of-generative-ai/), [출처](https://laion.ai/blog/relaion-5b/))",있음,aigovsensing,2026-07-07T01:33:11Z,2026-07-21T12:35:21Z,https://github.com/aigovsensing/dataset-review/issues/4,open,10
3,Books3,사용 비권고,,reviewed,,라이선스 없음 (저작권 침해 소지 다분),사용 비권고,"`Books3`는 저작권이 있는 서적을 불법 복제 사이트에서 수집하여 구성되었으며, 저작권자의 허락 없이 AI 모델 학습에 사용되어 소송의 대상이 되고 있음.",불법 복제 사이트(`Bibliotik`)에서 웹 스크래핑,사용 비권고,"데이터셋 자체가 저작권 침해 소지가 있는 방식으로 수집되었으며, 원본 데이터셋(`The Pile`)의 구성요소로 포함되었음.",확인 불가 (포함 가능성 높음),잠재적 법적 리스크,"서적 데이터의 특성상 개인을 식별할 수 있는 정보(이름, 위치 등)가 포함될 가능성이 높으나, 수집 동의 및 활용 범위에 대한 공식적인 확인이 불가함.",있음,aigovsensing,2026-07-06T23:32:56Z,2026-07-07T00:24:03Z,https://github.com/aigovsensing/dataset-review/issues/3,closed,9
2,MNIST (동작 검증 테스트),,,reviewed,,,,,,,,,,,,aigovsensing,2026-07-06T11:15:55Z,2026-07-06T11:25:38Z,https://github.com/aigovsensing/dataset-review/issues/2,closed,3
1,CVSS,추가 검토 필요,gemini-2.5-flash,reviewed,low,`CC BY-SA 4.0`,"상업적 이용 및 AI 모델 학습 가능하나, 파생 저작물에 대해 동일 라이선스(ShareAlike)로 배포해야 하는 의무가 있음",`CVSS` GitHub 저장소 `LICENSE` 파일 ([출처](https://github.com/google-research-datasets/cvss/blob/main/LICENSE)),"`Wikipedia` 텍스트, `Common Voice` 음성, `CoVoST 2` 번역 텍스트를 기반으로 `LibriTTS`로 학습된 `PnG NAT` 모델을 사용하여 목표 음성 합성","여러 원본 데이터셋의 라이선스 및 이용 조건을 준수해야 하며, 특히 `CC BY-SA 4.0`의 ShareAlike 의무를 고려해야 함","`CVSS` 논문 및 GitHub README ([출처 1](https://arxiv.org/abs/2201.03713), [출처 2](https://github.com/google-research-datasets/cvss))",원본 데이터셋인 `Common Voice`에 자원봉사자의 음성 데이터가 포함됨,"`Common Voice`는 `CC0` 라이선스이나, 개인정보(음성)의 수집 동의 범위 및 제3자 활용 범위에 대한 추가적인 확인이 필요함",`Common Voice` 공식 홈페이지 ([출처](https://commonvoice.mozilla.org/en/about)),해당 없음,aigovsensing,2026-07-06T10:56:27Z,2026-07-16T05:26:32Z,https://github.com/aigovsensing/dataset-review/issues/1,open,6
